epoch,LLM label accuracy,Raw STT output accuracy
6,0.659946867,0.183309892
7,0.699796843,0.210501641
8,0.726988592,0.246601031
9,0.732301922,0.279887482
10,0.750429755,0.308954524
11,0.766838569,0.328801375
,,
,,
,,
,,
,,
