epoch,all data,half data with LLM,only half data
1,16.62516223,16.62516223,16.62516223
2,2.411191198,2.411191198,2.411191198
3,1.947280046,1.947280046,1.947280046
4,1.697704983,1.697704983,1.697704983
5,1.329208879,1.329208879,1.329208879
6,1.095081535,1.278101344,1.289110312
7,0.971711073,1.111278763,1.160205584
8,0.898151034,1.033412508,1.071350023
9,0.863352002,0.955976546,1.001749435
10,0.808035675,0.905431874,0.945357117
11,0.775798775,0.888660587,0.969456362
